,TeamName,Link,Country
0,KF Tirana,/wiki/KF_Tirana,Albania
1,KF Laçi,/wiki/KF_La%C3%A7i,Albania
2,FK Partizani Tirana,/wiki/FK_Partizani_Tirana,Albania
3,FK Kukësi,/wiki/FK_Kuk%C3%ABsi,Albania
4,KF Vllaznia Shkodër,/wiki/KF_Vllaznia_Shkod%C3%ABr,Albania
5,KF Teuta Durrës,/wiki/KF_Teuta_Durr%C3%ABs,Albania
6,KS Kastrioti,/wiki/KS_Kastrioti,Albania
7,KF Egnatia,/wiki/KF_Egnatia,Albania
8,FK Dinamo Tirana,/wiki/FK_Dinamo_Tirana,Albania
9,KF Skënderbeu Korçë,/wiki/KF_Sk%C3%ABnderbeu_Kor%C3%A7%C3%AB,Albania
10,Inter Club d'Escaldes,/wiki/Inter_Club_d%27Escaldes,Andorra
11,UE Santa Coloma,/wiki/UE_Santa_Coloma,Andorra
12,UE Sant Julià,/wiki/UE_Sant_Juli%C3%A0,Andorra
13,Atlètic Club d'Escaldes,/wiki/Atl%C3%A8tic_Club_d%27Escaldes,Andorra
14,FC Santa Coloma,/wiki/FC_Santa_Coloma,Andorra
15,FC Ordino,/wiki/FC_Ordino,Andorra
16,UE Engordany,/wiki/UE_Engordany,Andorra
17,CE Carroi,/wiki/CE_Carroi,Andorra
18,FC Pyunik,/wiki/FC_Pyunik,Armenia
19,FC Ararat-Armenia,/wiki/FC_Ararat-Armenia,Armenia
20,FC Alashkert,/wiki/FC_Alashkert,Armenia
21,FC Ararat Yerevan,/wiki/FC_Ararat_Yerevan,Armenia
22,FC Urartu,/wiki/FC_Urartu,Armenia
23,FC Noah,/wiki/FC_Noah,Armenia
24,Noravank SC,/wiki/Noravank_SC,Armenia
25,FC Van,/wiki/FC_Van,Armenia
26,BKMA Yerevan,/wiki/BKMA_Yerevan,Armenia
27,Sevan FC,/wiki/Sevan_FC,Armenia
28,FC Red Bull Salzburg,/wiki/FC_Red_Bull_Salzburg,Austria
29,SK Sturm Graz,/wiki/SK_Sturm_Graz,Austria
30,Wolfsberger AC,/wiki/Wolfsberger_AC,Austria
31,FK Austria Wien,/wiki/FK_Austria_Wien,Austria
32,SK Rapid Wien,/wiki/SK_Rapid_Wien,Austria
33,SV Ried,/wiki/SV_Ried,Austria
34,LASK,/wiki/LASK,Austria
35,WSG Tirol,/wiki/WSG_Tirol,Austria
36,TSV Hartberg,/wiki/TSV_Hartberg,Austria
37,FC Admira Wacker Mödling,/wiki/FC_Admira_Wacker_M%C3%B6dling,Austria
38,SC Rheindorf Altach,/wiki/SC_Rheindorf_Altach,Austria
39,Qarabağ FK,/wiki/Qaraba%C4%9F_FK,Azerbaijan
40,Neftçi PFK,/wiki/Neft%C3%A7i_PFK,Azerbaijan
41,Zira FK,/wiki/Zira_FK,Azerbaijan
42,Gabala FK,/wiki/Gabala_FK,Azerbaijan
43,Sabah FC (Azerbaijan),/wiki/Sabah_FC_(Azerbaijan),Azerbaijan
44,Sumgayit FK,/wiki/Sumgayit_FK,Azerbaijan
45,Shamakhi FK,/wiki/Shamakhi_FK,Azerbaijan
46,Sabail FK,/wiki/Sabail_FK,Azerbaijan
47,FC Shakhtyor Soligorsk,/wiki/FC_Shakhtyor_Soligorsk,Belarus
48,FC BATE Borisov,/wiki/FC_BATE_Borisov,Belarus
49,FC Dinamo Minsk,/wiki/FC_Dinamo_Minsk,Belarus
50,FC Gomel,/wiki/FC_Gomel,Belarus
51,FC Rukh Brest,/wiki/FC_Rukh_Brest,Belarus
52,FC Dynamo Brest,/wiki/FC_Dynamo_Brest,Belarus
53,FC Vitebsk,/wiki/FC_Vitebsk,Belarus
54,FC Torpedo-BelAZ Zhodino,/wiki/FC_Torpedo-BelAZ_Zhodino,Belarus
55,FC Slutsk,/wiki/FC_Slutsk,Belarus
56,FC Isloch Minsk Raion,/wiki/FC_Isloch_Minsk_Raion,Belarus
57,FC Neman Grodno,/wiki/FC_Neman_Grodno,Belarus
58,FC Minsk,/wiki/FC_Minsk,Belarus
59,FC Energetik-BGU Minsk,/wiki/FC_Energetik-BGU_Minsk,Belarus
60,FC Slavia Mozyr,/wiki/FC_Slavia_Mozyr,Belarus
61,FC Smorgon,/wiki/FC_Smorgon,Belarus
62,FC Sputnik Rechitsa,/wiki/FC_Sputnik_Rechitsa,Belarus
63,Royale Union Saint-Gilloise,/wiki/Royale_Union_Saint-Gilloise,Belgium
64,Club Brugge KV,/wiki/Club_Brugge_KV,Belgium
65,R.S.C. Anderlecht,/wiki/R.S.C._Anderlecht,Belgium
66,Royal Antwerp F.C.,/wiki/Royal_Antwerp_F.C.,Belgium
67,K.A.A. Gent,/wiki/K.A.A._Gent,Belgium
68,R. Charleroi S.C.,/wiki/R._Charleroi_S.C.,Belgium
69,K.V. Mechelen,/wiki/K.V._Mechelen,Belgium
70,K.R.C. Genk,/wiki/K.R.C._Genk,Belgium
71,Sint-Truidense V.V.,/wiki/Sint-Truidense_V.V.,Belgium
72,Cercle Brugge K.S.V.,/wiki/Cercle_Brugge_K.S.V.,Belgium
73,Oud-Heverlee Leuven,/wiki/Oud-Heverlee_Leuven,Belgium
74,K.V. Oostende,/wiki/K.V._Oostende,Belgium
75,K.V. Kortrijk,/wiki/K.V._Kortrijk,Belgium
76,Standard Liège,/wiki/Standard_Li%C3%A8ge,Belgium
77,K.A.S. Eupen,/wiki/K.A.S._Eupen,Belgium
78,S.V. Zulte Waregem,/wiki/S.V._Zulte_Waregem,Belgium
79,K Beerschot VA,/wiki/K_Beerschot_VA,Belgium
80,HŠK Zrinjski Mostar,/wiki/H%C5%A0K_Zrinjski_Mostar,Bosnia and Herzegovina
81,FK Tuzla City,/wiki/FK_Tuzla_City,Bosnia and Herzegovina
82,FK Borac Banja Luka,/wiki/FK_Borac_Banja_Luka,Bosnia and Herzegovina
83,FK Sarajevo,/wiki/FK_Sarajevo,Bosnia and Herzegovina
84,FK Velež Mostar,/wiki/FK_Vele%C5%BE_Mostar,Bosnia and Herzegovina
85,FK Željezničar Sarajevo,/wiki/FK_%C5%BDeljezni%C4%8Dar_Sarajevo,Bosnia and Herzegovina
86,NK Široki Brijeg,/wiki/NK_%C5%A0iroki_Brijeg,Bosnia and Herzegovina
87,HŠK Posušje,/wiki/H%C5%A0K_Posu%C5%A1je,Bosnia and Herzegovina
88,FK Leotar,/wiki/FK_Leotar,Bosnia and Herzegovina
89,FK Sloboda Tuzla,/wiki/FK_Sloboda_Tuzla,Bosnia and Herzegovina
90,FK Radnik Bijeljina,/wiki/FK_Radnik_Bijeljina,Bosnia and Herzegovina
91,FK Rudar Prijedor,/wiki/FK_Rudar_Prijedor,Bosnia and Herzegovina
92,PFC Ludogorets Razgrad,/wiki/PFC_Ludogorets_Razgrad,Bulgaria
93,PFC CSKA Sofia,/wiki/PFC_CSKA_Sofia,Bulgaria
94,Botev Plovdiv,/wiki/Botev_Plovdiv,Bulgaria
95,PFC Cherno More Varna,/wiki/PFC_Cherno_More_Varna,Bulgaria
96,PFC Levski Sofia,/wiki/PFC_Levski_Sofia,Bulgaria
97,PFC Slavia Sofia,/wiki/PFC_Slavia_Sofia,Bulgaria
98,PFC Lokomotiv Plovdiv,/wiki/PFC_Lokomotiv_Plovdiv,Bulgaria
99,PFC Beroe Stara Zagora,/wiki/PFC_Beroe_Stara_Zagora,Bulgaria
100,FC Arda Kardzhali,/wiki/FC_Arda_Kardzhali,Bulgaria
101,OFC Pirin Blagoevgrad,/wiki/OFC_Pirin_Blagoevgrad,Bulgaria
102,POFC Botev Vratsa,/wiki/POFC_Botev_Vratsa,Bulgaria
103,FC Tsarsko Selo Sofia,/wiki/FC_Tsarsko_Selo_Sofia,Bulgaria
104,GNK Dinamo Zagreb,/wiki/GNK_Dinamo_Zagreb,Croatia
105,HNK Hajduk Split,/wiki/HNK_Hajduk_Split,Croatia
106,NK Osijek,/wiki/NK_Osijek,Croatia
107,HNK Rijeka,/wiki/HNK_Rijeka,Croatia
108,NK Lokomotiva Zagreb,/wiki/NK_Lokomotiva_Zagreb,Croatia
109,HNK Gorica,/wiki/HNK_Gorica,Croatia
110,NK Slaven Belupo,/wiki/NK_Slaven_Belupo,Croatia
111,HNK Šibenik,/wiki/HNK_%C5%A0ibenik,Croatia
112,NK Hrvatski Dragovoljac,/wiki/NK_Hrvatski_Dragovoljac,Croatia
113,AC Omonia,/wiki/AC_Omonia,Cyprus
114,Anorthosis Famagusta FC,/wiki/Anorthosis_Famagusta_FC,Cyprus
115,APOEL FC,/wiki/APOEL_FC,Cyprus
116,Apollon Limassol FC,/wiki/Apollon_Limassol_FC,Cyprus
117,AEK Larnaca FC,/wiki/AEK_Larnaca_FC,Cyprus
118,AEL Limassol,/wiki/AEL_Limassol,Cyprus
119,Pafos FC,/wiki/Pafos_FC,Cyprus
120,Nea Salamis Famagusta FC,/wiki/Nea_Salamis_Famagusta_FC,Cyprus
121,Olympiakos Nicosia,/wiki/Olympiakos_Nicosia,Cyprus
122,Enosis Neon Paralimni FC,/wiki/Enosis_Neon_Paralimni_FC,Cyprus
123,Ethnikos Achna FC,/wiki/Ethnikos_Achna_FC,Cyprus
124,Doxa Katokopias FC,/wiki/Doxa_Katokopias_FC,Cyprus
125,SK Slavia Prague,/wiki/SK_Slavia_Prague,Czech Republic
126,FC Viktoria Plzeň,/wiki/FC_Viktoria_Plze%C5%88,Czech Republic
127,AC Sparta Prague,/wiki/AC_Sparta_Prague,Czech Republic
128,FC Baník Ostrava,/wiki/FC_Ban%C3%ADk_Ostrava,Czech Republic
129,FC Hradec Králové,/wiki/FC_Hradec_Kr%C3%A1lov%C3%A9,Czech Republic
130,FK Mladá Boleslav,/wiki/FK_Mlad%C3%A1_Boleslav,Czech Republic
131,FC Slovan Liberec,/wiki/FC_Slovan_Liberec,Czech Republic
132,SK Sigma Olomouc,/wiki/SK_Sigma_Olomouc,Czech Republic
133,SK Dynamo České Budějovice,/wiki/SK_Dynamo_%C4%8Cesk%C3%A9_Bud%C4%9Bjovice,Czech Republic
134,FC Fastav Zlín,/wiki/FC_Fastav_Zl%C3%ADn,Czech Republic
135,FK Teplice,/wiki/FK_Teplice,Czech Republic
136,FK Jablonec,/wiki/FK_Jablonec,Czech Republic
137,FK Pardubice,/wiki/FK_Pardubice,Czech Republic
138,MFK Karviná,/wiki/MFK_Karvin%C3%A1,Czech Republic
139,F.C. Copenhagen,/wiki/F.C._Copenhagen,Denmark
140,FC Midtjylland,/wiki/FC_Midtjylland,Denmark
141,Brøndby IF,/wiki/Br%C3%B8ndby_IF,Denmark
142,AaB Fodbold,/wiki/AaB_Fodbold,Denmark
143,Randers FC,/wiki/Randers_FC,Denmark
144,Silkeborg IF,/wiki/Silkeborg_IF,Denmark
145,Viborg FF,/wiki/Viborg_FF,Denmark
146,Aarhus Gymnastikforening,/wiki/Aarhus_Gymnastikforening,Denmark
147,Odense Boldklub,/wiki/Odense_Boldklub,Denmark
148,FC Nordsjælland,/wiki/FC_Nordsj%C3%A6lland,Denmark
149,Vejle Boldklub,/wiki/Vejle_Boldklub,Denmark
150,SønderjyskE Fodbold,/wiki/S%C3%B8nderjyskE_Fodbold,Denmark
151,Manchester City F.C.,/wiki/Manchester_City_F.C.,England
152,Manchester United F.C.,/wiki/Manchester_United_F.C.,England
153,Liverpool F.C.,/wiki/Liverpool_F.C.,England
154,Chelsea F.C.,/wiki/Chelsea_F.C.,England
155,Leicester City F.C.,/wiki/Leicester_City_F.C.,England
156,West Ham United F.C.,/wiki/West_Ham_United_F.C.,England
157,Tottenham Hotspur F.C.,/wiki/Tottenham_Hotspur_F.C.,England
158,Arsenal F.C.,/wiki/Arsenal_F.C.,England
159,Leeds United F.C.,/wiki/Leeds_United_F.C.,England
160,Everton F.C.,/wiki/Everton_F.C.,England
161,Aston Villa F.C.,/wiki/Aston_Villa_F.C.,England
162,Newcastle United F.C.,/wiki/Newcastle_United_F.C.,England
163,Wolverhampton Wanderers F.C.,/wiki/Wolverhampton_Wanderers_F.C.,England
164,Crystal Palace F.C.,/wiki/Crystal_Palace_F.C.,England
165,Southampton F.C.,/wiki/Southampton_F.C.,England
166,Brighton & Hove Albion F.C.,/wiki/Brighton_%26_Hove_Albion_F.C.,England
167,Burnley F.C.,/wiki/Burnley_F.C.,England
168,Fulham F.C.,/wiki/Fulham_F.C.,England
169,West Bromwich Albion F.C.,/wiki/West_Bromwich_Albion_F.C.,England
170,Sheffield United F.C.,/wiki/Sheffield_United_F.C.,England
171,FCI Levadia Tallinn,/wiki/FCI_Levadia_Tallinn,Estonia
172,FC Flora,/wiki/FC_Flora,Estonia
173,Paide Linnameeskond,/wiki/Paide_Linnameeskond,Estonia
174,Nõmme Kalju FC,/wiki/N%C3%B5mme_Kalju_FC,Estonia
175,Tallinna JK Legion,/wiki/Tallinna_JK_Legion,Estonia
176,JK Narva Trans,/wiki/JK_Narva_Trans,Estonia
177,FC Kuressaare,/wiki/FC_Kuressaare,Estonia
178,Viljandi JK Tulevik,/wiki/Viljandi_JK_Tulevik,Estonia
179,Tartu JK Tammeka,/wiki/Tartu_JK_Tammeka,Estonia
180,Pärnu JK Vaprus,/wiki/P%C3%A4rnu_JK_Vaprus,Estonia
181,Klaksvíkar Ítróttarfelag,/wiki/Klaksv%C3%ADkar_%C3%8Dtr%C3%B3ttarfelag,Faroe Islands
182,Havnar Bóltfelag,/wiki/Havnar_B%C3%B3ltfelag,Faroe Islands
183,Víkingur Gøta,/wiki/V%C3%ADkingur_G%C3%B8ta,Faroe Islands
184,NSÍ Runavík,/wiki/NS%C3%8D_Runav%C3%ADk,Faroe Islands
185,EB/Streymur,/wiki/EB/Streymur,Faroe Islands
186,Ítróttarfelag Fuglafjarðar,/wiki/%C3%8Dtr%C3%B3ttarfelag_Fuglafjar%C3%B0ar,Faroe Islands
187,Tvøroyrar Bóltfelag,/wiki/Tv%C3%B8royrar_B%C3%B3ltfelag,Faroe Islands
188,Kuopion Palloseura,/wiki/Kuopion_Palloseura,Finland
189,Helsingin Jalkapalloklubi,/wiki/Helsingin_Jalkapalloklubi,Finland
190,FC Inter Turku,/wiki/FC_Inter_Turku,Finland
191,Seinäjoen Jalkapallokerho,/wiki/Sein%C3%A4joen_Jalkapallokerho,Finland
192,HIFK Fotboll,/wiki/HIFK_Fotboll,Finland
193,Ilves (football),/wiki/Ilves_(football),Finland
194,FC Lahti,/wiki/FC_Lahti,Finland
195,FC Honka,/wiki/FC_Honka,Finland
196,FC Haka,/wiki/FC_Haka,Finland
197,IFK Mariehamn,/wiki/IFK_Mariehamn,Finland
198,AC Oulu,/wiki/AC_Oulu,Finland
199,Kotkan Työväen Palloilijat,/wiki/Kotkan_Ty%C3%B6v%C3%A4en_Palloilijat,Finland
200,Lille OSC,/wiki/Lille_OSC,France
201,Paris Saint-Germain F.C.,/wiki/Paris_Saint-Germain_F.C.,France
202,AS Monaco FC,/wiki/AS_Monaco_FC,France
203,Olympique Lyonnais,/wiki/Olympique_Lyonnais,France
204,Olympique de Marseille,/wiki/Olympique_de_Marseille,France
205,Stade Rennais F.C.,/wiki/Stade_Rennais_F.C.,France
206,RC Lens,/wiki/RC_Lens,France
207,Montpellier HSC,/wiki/Montpellier_HSC,France
208,OGC Nice,/wiki/OGC_Nice,France
209,FC Metz,/wiki/FC_Metz,France
210,AS Saint-Étienne,/wiki/AS_Saint-%C3%89tienne,France
211,FC Girondins de Bordeaux,/wiki/FC_Girondins_de_Bordeaux,France
212,Angers SCO,/wiki/Angers_SCO,France
213,Stade de Reims,/wiki/Stade_de_Reims,France
214,RC Strasbourg Alsace,/wiki/RC_Strasbourg_Alsace,France
215,FC Lorient,/wiki/FC_Lorient,France
216,FC Nantes,/wiki/FC_Nantes,France
217,Nîmes Olympique,/wiki/N%C3%AEmes_Olympique,France
218,Dijon FCO,/wiki/Dijon_FCO,France
219,FC Dinamo Batumi,/wiki/FC_Dinamo_Batumi,Georgia
220,FC Dinamo Tbilisi,/wiki/FC_Dinamo_Tbilisi,Georgia
221,FC Dila Gori,/wiki/FC_Dila_Gori,Georgia
222,FC Saburtalo Tbilisi,/wiki/FC_Saburtalo_Tbilisi,Georgia
223,FC Locomotive Tbilisi,/wiki/FC_Locomotive_Tbilisi,Georgia
224,FC Telavi,/wiki/FC_Telavi,Georgia
225,FC Samgurali Tsqaltubo,/wiki/FC_Samgurali_Tsqaltubo,Georgia
226,FC Torpedo Kutaisi,/wiki/FC_Torpedo_Kutaisi,Georgia
227,FC Shukura Kobuleti,/wiki/FC_Shukura_Kobuleti,Georgia
228,FC Samtredia,/wiki/FC_Samtredia,Georgia
229,FC Bayern Munich,/wiki/FC_Bayern_Munich,Germany
230,RB Leipzig,/wiki/RB_Leipzig,Germany
231,Borussia Dortmund,/wiki/Borussia_Dortmund,Germany
232,VfL Wolfsburg,/wiki/VfL_Wolfsburg,Germany
233,Eintracht Frankfurt,/wiki/Eintracht_Frankfurt,Germany
234,Borussia Mönchengladbach,/wiki/Borussia_M%C3%B6nchengladbach,Germany
235,VfB Stuttgart,/wiki/VfB_Stuttgart,Germany
236,SC Freiburg,/wiki/SC_Freiburg,Germany
237,FC Augsburg,/wiki/FC_Augsburg,Germany
238,Hertha BSC,/wiki/Hertha_BSC,Germany
239,Arminia Bielefeld,/wiki/Arminia_Bielefeld,Germany
240,SV Werder Bremen,/wiki/SV_Werder_Bremen,Germany
241,Europa F.C.,/wiki/Europa_F.C.,Gibraltar
242,St Joseph's F.C.,/wiki/St_Joseph%27s_F.C.,Gibraltar
243,Lincoln Red Imps F.C.,/wiki/Lincoln_Red_Imps_F.C.,Gibraltar
244,Lynx F.C.,/wiki/Lynx_F.C.,Gibraltar
245,F.C. Bruno's Magpies,/wiki/F.C._Bruno%27s_Magpies,Gibraltar
246,Lions Gibraltar F.C.,/wiki/Lions_Gibraltar_F.C.,Gibraltar
247,Mons Calpe S.C.,/wiki/Mons_Calpe_S.C.,Gibraltar
248,Europa Point F.C.,/wiki/Europa_Point_F.C.,Gibraltar
249,F.C. Boca Gibraltar,/wiki/F.C._Boca_Gibraltar,Gibraltar
250,Glacis United F.C.,/wiki/Glacis_United_F.C.,Gibraltar
251,Olympiacos F.C.,/wiki/Olympiacos_F.C.,Greece
252,PAOK FC,/wiki/PAOK_FC,Greece
253,AEK Athens F.C.,/wiki/AEK_Athens_F.C.,Greece
254,Aris Thessaloniki F.C.,/wiki/Aris_Thessaloniki_F.C.,Greece
255,Panathinaikos F.C.,/wiki/Panathinaikos_F.C.,Greece
256,PAS Giannina F.C.,/wiki/PAS_Giannina_F.C.,Greece
257,OFI Crete F.C.,/wiki/OFI_Crete_F.C.,Greece
258,Asteras Tripolis F.C.,/wiki/Asteras_Tripolis_F.C.,Greece
259,Panetolikos F.C.,/wiki/Panetolikos_F.C.,Greece
260,Volos F.C.,/wiki/Volos_F.C.,Greece
261,Ionikos F.C.,/wiki/Ionikos_F.C.,Greece
262,Atromitos F.C.,/wiki/Atromitos_F.C.,Greece
263,Apollon Smyrnis F.C.,/wiki/Apollon_Smyrnis_F.C.,Greece
264,Ferencvárosi TC,/wiki/Ferencv%C3%A1rosi_TC,Hungary
265,Puskás Akadémia FC,/wiki/Pusk%C3%A1s_Akad%C3%A9mia_FC,Hungary
266,Fehérvár FC,/wiki/Feh%C3%A9rv%C3%A1r_FC,Hungary
267,Paksi FC,/wiki/Paksi_FC,Hungary
268,Kisvárda FC,/wiki/Kisv%C3%A1rda_FC,Hungary
269,Újpest FC,/wiki/%C3%9Ajpest_FC,Hungary
270,MTK Budapest FC,/wiki/MTK_Budapest_FC,Hungary
271,Mezőkövesdi SE,/wiki/Mez%C5%91k%C3%B6vesdi_SE,Hungary
272,Zalaegerszegi TE,/wiki/Zalaegerszegi_TE,Hungary
273,Budapest Honvéd FC,/wiki/Budapest_Honv%C3%A9d_FC,Hungary
274,Diósgyőri VTK,/wiki/Di%C3%B3sgy%C5%91ri_VTK,Hungary
275,Budafoki MTE,/wiki/Budafoki_MTE,Hungary
276,Fimleikafélag Hafnarfjarðar,/wiki/Fimleikaf%C3%A9lag_Hafnarfjar%C3%B0ar,Iceland
277,Stjarnan men's football,/wiki/Stjarnan_men%27s_football,Iceland
278,Knattspyrnufélag Akureyrar,/wiki/Knattspyrnuf%C3%A9lag_Akureyrar,Iceland
279,Valur (club),/wiki/Valur_(club),Iceland
280,Knattspyrnufélagið Víkingur,/wiki/Knattspyrnuf%C3%A9lagi%C3%B0_V%C3%ADkingur,Iceland
281,Fylkir,/wiki/Fylkir,Iceland
282,Handknattleiksfélag Kópavogs,/wiki/Handknattleiksf%C3%A9lag_K%C3%B3pavogs,Iceland
283,Íþróttabandalag Akraness,/wiki/%C3%8D%C3%BEr%C3%B3ttabandalag_Akraness,Iceland
284,Grindavík men's football,/wiki/Grindav%C3%ADk_men%27s_football,Iceland
285,ÍBV men's football,/wiki/%C3%8DBV_men%27s_football,Iceland
286,Maccabi Haifa F.C.,/wiki/Maccabi_Haifa_F.C.,Israel
287,Maccabi Tel Aviv F.C.,/wiki/Maccabi_Tel_Aviv_F.C.,Israel
288,Hapoel Be'er Sheva F.C.,/wiki/Hapoel_Be%27er_Sheva_F.C.,Israel
289,Hapoel Jerusalem F.C.,/wiki/Hapoel_Jerusalem_F.C.,Israel
290,Hapoel Hadera F.C.,/wiki/Hapoel_Hadera_F.C.,Israel
291,F.C. Ashdod,/wiki/F.C._Ashdod,Israel
292,Bnei Sakhnin F.C.,/wiki/Bnei_Sakhnin_F.C.,Israel
293,Maccabi Bnei Reineh F.C.,/wiki/Maccabi_Bnei_Reineh_F.C.,Israel
294,Hapoel Tel Aviv F.C.,/wiki/Hapoel_Tel_Aviv_F.C.,Israel
295,Beitar Jerusalem F.C.,/wiki/Beitar_Jerusalem_F.C.,Israel
296,Hapoel Haifa F.C.,/wiki/Hapoel_Haifa_F.C.,Israel
297,Maccabi Netanya F.C.,/wiki/Maccabi_Netanya_F.C.,Israel
298,Hapoel Ironi Kiryat Shmona F.C.,/wiki/Hapoel_Ironi_Kiryat_Shmona_F.C.,Israel
299,Sektzia Ness Ziona F.C.,/wiki/Sektzia_Ness_Ziona_F.C.,Israel
300,Juventus F.C.,/wiki/Juventus_F.C.,Italy
301,Inter Milan,/wiki/Inter_Milan,Italy
302,Atalanta B.C.,/wiki/Atalanta_B.C.,Italy
303,S.S. Lazio,/wiki/S.S._Lazio,Italy
304,A.S. Roma,/wiki/A.S._Roma,Italy
305,A.C. Milan,/wiki/A.C._Milan,Italy
306,S.S.C. Napoli,/wiki/S.S.C._Napoli,Italy
307,U.S. Sassuolo Calcio,/wiki/U.S._Sassuolo_Calcio,Italy
308,Hellas Verona F.C.,/wiki/Hellas_Verona_F.C.,Italy
309,ACF Fiorentina,/wiki/ACF_Fiorentina,Italy
310,Udinese Calcio,/wiki/Udinese_Calcio,Italy
311,Cagliari Calcio,/wiki/Cagliari_Calcio,Italy
312,U.C. Sampdoria,/wiki/U.C._Sampdoria,Italy
313,Torino F.C.,/wiki/Torino_F.C.,Italy
314,Genoa C.F.C.,/wiki/Genoa_C.F.C.,Italy
315,U.S. Lecce,/wiki/U.S._Lecce,Italy
316,Brescia Calcio,/wiki/Brescia_Calcio,Italy
317,S.P.A.L.,/wiki/S.P.A.L.,Italy
318,FC Astana,/wiki/FC_Astana,Kazakhstan
319,FC Kairat,/wiki/FC_Kairat,Kazakhstan
320,FC Ordabasy,/wiki/FC_Ordabasy,Kazakhstan
321,FC Tobol,/wiki/FC_Tobol,Kazakhstan
322,FC Zhetysu,/wiki/FC_Zhetysu,Kazakhstan
323,FC Kaisar,/wiki/FC_Kaisar,Kazakhstan
324,FC Okzhetpes,/wiki/FC_Okzhetpes,Kazakhstan
325,FC Irtysh Pavlodar,/wiki/FC_Irtysh_Pavlodar,Kazakhstan
326,FC Shakhter Karagandy,/wiki/FC_Shakhter_Karagandy,Kazakhstan
327,FC Taraz,/wiki/FC_Taraz,Kazakhstan
328,FC Atyrau,/wiki/FC_Atyrau,Kazakhstan
329,FC Aktobe,/wiki/FC_Aktobe,Kazakhstan
330,FC Drita,/wiki/FC_Drita,Kosovo
331,SC Gjilani,/wiki/SC_Gjilani,Kosovo
332,KF Ballkani,/wiki/KF_Ballkani,Kosovo
333,FC Prishtina,/wiki/FC_Prishtina,Kosovo
334,KF Feronikeli,/wiki/KF_Feronikeli,Kosovo
335,FC Llapi,/wiki/FC_Llapi,Kosovo
336,KF Drenica,/wiki/KF_Drenica,Kosovo
337,KF Flamurtari,/wiki/KF_Flamurtari,Kosovo
338,KF Ferizaj,/wiki/KF_Ferizaj,Kosovo
339,KF Vushtrria,/wiki/KF_Vushtrria,Kosovo
340,KF Dukagjini,/wiki/KF_Dukagjini,Kosovo
341,FK RFS,/wiki/FK_RFS,Latvia
342,Valmiera FC,/wiki/Valmiera_FC,Latvia
343,FK Liepāja,/wiki/FK_Liep%C4%81ja,Latvia
344,Riga FC,/wiki/Riga_FC,Latvia
345,FK Spartaks Jūrmala,/wiki/FK_Spartaks_J%C5%ABrmala,Latvia
346,BFC Daugavpils,/wiki/BFC_Daugavpils,Latvia
347,FK Metta,/wiki/FK_Metta,Latvia
348,FC Noah Jūrmala (page does not exist),/w/index.php?title=FC_Noah_J%C5%ABrmala&action=edit&redlink=1,Latvia
349,FK Ventspils,/wiki/FK_Ventspils,Latvia
350,FK Žalgiris,/wiki/FK_%C5%BDalgiris,Lithuania
351,FC Hegelmann,/wiki/FC_Hegelmann,Lithuania
352,FK Kauno Žalgiris,/wiki/FK_Kauno_%C5%BDalgiris,Lithuania
353,FK Panevėžys,/wiki/FK_Panev%C4%97%C5%BEys,Lithuania
354,FK Sūduva,/wiki/FK_S%C5%ABduva,Lithuania
355,FK Riteriai,/wiki/FK_Riteriai,Lithuania
356,FA Šiauliai,/wiki/FA_%C5%A0iauliai,Lithuania
357,FK Banga Gargždai,/wiki/FK_Banga_Garg%C5%BEdai,Lithuania
358,FC Džiugas Telšiai,/wiki/FC_D%C5%BEiugas_Tel%C5%A1iai,Lithuania
359,FK Jonava,/wiki/FK_Jonava,Lithuania
360,CS Fola Esch,/wiki/CS_Fola_Esch,Luxembourg
361,FC Swift Hesperange,/wiki/FC_Swift_Hesperange,Luxembourg
362,Racing FC Union Luxembourg,/wiki/Racing_FC_Union_Luxembourg,Luxembourg
363,FC Progrès Niederkorn,/wiki/FC_Progr%C3%A8s_Niederkorn,Luxembourg
364,Jeunesse Esch,/wiki/Jeunesse_Esch,Luxembourg
365,US Hostert,/wiki/US_Hostert,Luxembourg
366,FC UNA Strassen,/wiki/FC_UNA_Strassen,Luxembourg
367,US Mondorf-les-Bains,/wiki/US_Mondorf-les-Bains,Luxembourg
368,FC Victoria Rosport,/wiki/FC_Victoria_Rosport,Luxembourg
369,FC RM Hamm Benfica,/wiki/FC_RM_Hamm_Benfica,Luxembourg
370,FC Etzella Ettelbruck,/wiki/FC_Etzella_Ettelbruck,Luxembourg
371,Union Titus Pétange,/wiki/Union_Titus_P%C3%A9tange,Luxembourg
372,Ħamrun Spartans F.C.,/wiki/%C4%A6amrun_Spartans_F.C.,Malta
373,Hibernians F.C.,/wiki/Hibernians_F.C.,Malta
374,Gżira United F.C.,/wiki/G%C5%BCira_United_F.C.,Malta
375,Birkirkara F.C.,/wiki/Birkirkara_F.C.,Malta
376,Sliema Wanderers F.C.,/wiki/Sliema_Wanderers_F.C.,Malta
377,Mosta F.C.,/wiki/Mosta_F.C.,Malta
378,Valletta F.C.,/wiki/Valletta_F.C.,Malta
379,St. Lucia F.C.,/wiki/St._Lucia_F.C.,Malta
380,Sirens F.C.,/wiki/Sirens_F.C.,Malta
381,Balzan F.C.,/wiki/Balzan_F.C.,Malta
382,Gudja United F.C.,/wiki/Gudja_United_F.C.,Malta
383,Floriana F.C.,/wiki/Floriana_F.C.,Malta
384,Żejtun Corinthians F.C.,/wiki/%C5%BBejtun_Corinthians_F.C.,Malta
385,Tarxien Rainbows F.C.,/wiki/Tarxien_Rainbows_F.C.,Malta
386,Lija Athletic F.C.,/wiki/Lija_Athletic_F.C.,Malta
387,Senglea Athletic F.C.,/wiki/Senglea_Athletic_F.C.,Malta
388,FC Sheriff Tiraspol,/wiki/FC_Sheriff_Tiraspol,Moldova
389,FC Sfântul Gheorghe Suruceni,/wiki/FC_Sf%C3%A2ntul_Gheorghe_Suruceni,Moldova
390,FC Petrocub Hîncești,/wiki/FC_Petrocub_H%C3%AEnce%C8%99ti,Moldova
391,FC Dinamo-Auto Tiraspol,/wiki/FC_Dinamo-Auto_Tiraspol,Moldova
392,FC Milsami Orhei,/wiki/FC_Milsami_Orhei,Moldova
393,Speranța Nisporeni,/wiki/Speran%C8%9Ba_Nisporeni,Moldova
394,FC Zimbru Chișinău,/wiki/FC_Zimbru_Chi%C8%99in%C4%83u,Moldova
395,FC Codru Lozova,/wiki/FC_Codru_Lozova,Moldova
396,FK Budućnost Podgorica,/wiki/FK_Budu%C4%87nost_Podgorica,Montenegro
397,FK Sutjeska Nikšić,/wiki/FK_Sutjeska_Nik%C5%A1i%C4%87,Montenegro
398,FK Dečić,/wiki/FK_De%C4%8Di%C4%87,Montenegro
399,FK Podgorica,/wiki/FK_Podgorica,Montenegro
400,FK Jezero,/wiki/FK_Jezero,Montenegro
401,FK Zeta,/wiki/FK_Zeta,Montenegro
402,FK Rudar Pljevlja,/wiki/FK_Rudar_Pljevlja,Montenegro
403,FK Iskra Danilovgrad,/wiki/FK_Iskra_Danilovgrad,Montenegro
404,OFK Petrovac,/wiki/OFK_Petrovac,Montenegro
405,OFK Titograd,/wiki/OFK_Titograd,Montenegro
406,AFC Ajax,/wiki/AFC_Ajax,Netherlands
407,PSV Eindhoven,/wiki/PSV_Eindhoven,Netherlands
408,AZ Alkmaar,/wiki/AZ_Alkmaar,Netherlands
409,SBV Vitesse,/wiki/SBV_Vitesse,Netherlands
410,Feyenoord,/wiki/Feyenoord,Netherlands
411,FC Utrecht,/wiki/FC_Utrecht,Netherlands
412,FC Groningen,/wiki/FC_Groningen,Netherlands
413,Sparta Rotterdam,/wiki/Sparta_Rotterdam,Netherlands
414,Heracles Almelo,/wiki/Heracles_Almelo,Netherlands
415,FC Twente,/wiki/FC_Twente,Netherlands
416,Fortuna Sittard,/wiki/Fortuna_Sittard,Netherlands
417,SC Heerenveen,/wiki/SC_Heerenveen,Netherlands
418,PEC Zwolle,/wiki/PEC_Zwolle,Netherlands
419,Willem II (football club),/wiki/Willem_II_(football_club),Netherlands
420,RKC Waalwijk,/wiki/RKC_Waalwijk,Netherlands
421,FC Emmen,/wiki/FC_Emmen,Netherlands
422,VVV-Venlo,/wiki/VVV-Venlo,Netherlands
423,ADO Den Haag,/wiki/ADO_Den_Haag,Netherlands
424,KF Shkëndija,/wiki/KF_Shk%C3%ABndija,North Macedonia
425,KF Shkupi,/wiki/KF_Shkupi,North Macedonia
426,FC Struga,/wiki/FC_Struga,North Macedonia
427,FK Makedonija Gjorče Petrov,/wiki/FK_Makedonija_Gjor%C4%8De_Petrov,North Macedonia
428,FK Rabotnički,/wiki/FK_Rabotni%C4%8Dki,North Macedonia
429,FK Pelister,/wiki/FK_Pelister,North Macedonia
430,Akademija Pandev,/wiki/Akademija_Pandev,North Macedonia
431,FK Borec,/wiki/FK_Borec,North Macedonia
432,FK Sileks,/wiki/FK_Sileks,North Macedonia
433,KF Renova,/wiki/KF_Renova,North Macedonia
434,FK Vardar,/wiki/FK_Vardar,North Macedonia
435,FK Belasica,/wiki/FK_Belasica,North Macedonia
436,Linfield F.C.,/wiki/Linfield_F.C.,Northern Ireland
437,Cliftonville F.C.,/wiki/Cliftonville_F.C.,Northern Ireland
438,Glentoran F.C.,/wiki/Glentoran_F.C.,Northern Ireland
439,Crusaders F.C.,/wiki/Crusaders_F.C.,Northern Ireland
440,Larne F.C.,/wiki/Larne_F.C.,Northern Ireland
441,Coleraine F.C.,/wiki/Coleraine_F.C.,Northern Ireland
442,Glenavon F.C.,/wiki/Glenavon_F.C.,Northern Ireland
443,Ballymena United F.C.,/wiki/Ballymena_United_F.C.,Northern Ireland
444,Dungannon Swifts F.C.,/wiki/Dungannon_Swifts_F.C.,Northern Ireland
445,Carrick Rangers F.C.,/wiki/Carrick_Rangers_F.C.,Northern Ireland
446,Portadown F.C.,/wiki/Portadown_F.C.,Northern Ireland
447,Warrenpoint Town F.C.,/wiki/Warrenpoint_Town_F.C.,Northern Ireland
448,FK Bodø/Glimt,/wiki/FK_Bod%C3%B8/Glimt,Norway
449,Molde FK,/wiki/Molde_FK,Norway
450,Viking FK,/wiki/Viking_FK,Norway
451,Lillestrøm SK,/wiki/Lillestr%C3%B8m_SK,Norway
452,Rosenborg BK,/wiki/Rosenborg_BK,Norway
453,Kristiansund BK,/wiki/Kristiansund_BK,Norway
454,Vålerenga Fotball,/wiki/V%C3%A5lerenga_Fotball,Norway
455,Strømsgodset Toppfotball,/wiki/Str%C3%B8msgodset_Toppfotball,Norway
456,Sandefjord Fotball,/wiki/Sandefjord_Fotball,Norway
457,FK Haugesund,/wiki/FK_Haugesund,Norway
458,Tromsø IL,/wiki/Troms%C3%B8_IL,Norway
459,Odds BK,/wiki/Odds_BK,Norway
460,SK Brann,/wiki/SK_Brann,Norway
461,Stabæk Fotball,/wiki/Stab%C3%A6k_Fotball,Norway
462,Mjøndalen IF Fotball,/wiki/Mj%C3%B8ndalen_IF_Fotball,Norway
463,Legia Warsaw,/wiki/Legia_Warsaw,Poland
464,Piast Gliwice,/wiki/Piast_Gliwice,Poland
465,Śląsk Wrocław,/wiki/%C5%9Al%C4%85sk_Wroc%C5%82aw,Poland
466,Lech Poznań,/wiki/Lech_Pozna%C5%84,Poland
467,MKS Cracovia,/wiki/MKS_Cracovia,Poland
468,Pogoń Szczecin,/wiki/Pogo%C5%84_Szczecin,Poland
469,Jagiellonia Białystok,/wiki/Jagiellonia_Bia%C5%82ystok,Poland
470,Lechia Gdańsk,/wiki/Lechia_Gda%C5%84sk,Poland
471,Górnik Zabrze,/wiki/G%C3%B3rnik_Zabrze,Poland
472,Raków Częstochowa,/wiki/Rak%C3%B3w_Cz%C4%99stochowa,Poland
473,Zagłębie Lubin,/wiki/Zag%C5%82%C4%99bie_Lubin,Poland
474,Wisła Płock,/wiki/Wis%C5%82a_P%C5%82ock,Poland
475,Wisła Kraków,/wiki/Wis%C5%82a_Krak%C3%B3w,Poland
476,Korona Kielce,/wiki/Korona_Kielce,Poland
477,Arka Gdynia,/wiki/Arka_Gdynia,Poland
478,ŁKS Łódź,/wiki/%C5%81KS_%C5%81%C3%B3d%C5%BA,Poland
479,Sporting CP,/wiki/Sporting_CP,Portugal
480,FC Porto,/wiki/FC_Porto,Portugal
481,S.L. Benfica,/wiki/S.L._Benfica,Portugal
482,S.C. Braga,/wiki/S.C._Braga,Portugal
483,F.C. Paços de Ferreira,/wiki/F.C._Pa%C3%A7os_de_Ferreira,Portugal
484,C.D. Santa Clara,/wiki/C.D._Santa_Clara,Portugal
485,Vitória S.C.,/wiki/Vit%C3%B3ria_S.C.,Portugal
486,Moreirense F.C.,/wiki/Moreirense_F.C.,Portugal
487,F.C. Famalicão,/wiki/F.C._Famalic%C3%A3o,Portugal
488,Belenenses SAD,/wiki/Belenenses_SAD,Portugal
489,Gil Vicente F.C.,/wiki/Gil_Vicente_F.C.,Portugal
490,C.D. Tondela,/wiki/C.D._Tondela,Portugal
491,Boavista F.C.,/wiki/Boavista_F.C.,Portugal
492,Portimonense S.C.,/wiki/Portimonense_S.C.,Portugal
493,C.S. Marítimo,/wiki/C.S._Mar%C3%ADtimo,Portugal
494,Rio Ave F.C.,/wiki/Rio_Ave_F.C.,Portugal
495,S.C. Farense,/wiki/S.C._Farense,Portugal
496,C.D. Nacional,/wiki/C.D._Nacional,Portugal
497,Shamrock Rovers F.C.,/wiki/Shamrock_Rovers_F.C.,Republic of Ireland
498,St Patrick's Athletic F.C.,/wiki/St_Patrick%27s_Athletic_F.C.,Republic of Ireland
499,Sligo Rovers F.C.,/wiki/Sligo_Rovers_F.C.,Republic of Ireland
500,Derry City F.C.,/wiki/Derry_City_F.C.,Republic of Ireland
501,Bohemian F.C.,/wiki/Bohemian_F.C.,Republic of Ireland
502,Dundalk F.C.,/wiki/Dundalk_F.C.,Republic of Ireland
503,Drogheda United F.C.,/wiki/Drogheda_United_F.C.,Republic of Ireland
504,Finn Harps F.C.,/wiki/Finn_Harps_F.C.,Republic of Ireland
505,Waterford F.C.,/wiki/Waterford_F.C.,Republic of Ireland
506,Longford Town F.C.,/wiki/Longford_Town_F.C.,Republic of Ireland
507,CFR Cluj,/wiki/CFR_Cluj,Romania
508,FCSB,/wiki/FCSB,Romania
509,CS Universitatea Craiova,/wiki/CS_Universitatea_Craiova,Romania
510,FC Argeș Pitești,/wiki/FC_Arge%C8%99_Pite%C8%99ti,Romania
511,FCV Farul Constanța,/wiki/FCV_Farul_Constan%C8%9Ba,Romania
512,FC Voluntari,/wiki/FC_Voluntari,Romania
513,FC Botoșani,/wiki/FC_Boto%C8%99ani,Romania
514,FC UTA Arad,/wiki/FC_UTA_Arad,Romania
515,FC Rapid București,/wiki/FC_Rapid_Bucure%C8%99ti,Romania
516,Sepsi OSK Sfântu Gheorghe,/wiki/Sepsi_OSK_Sf%C3%A2ntu_Gheorghe,Romania
517,AFC Chindia Târgoviște,/wiki/AFC_Chindia_T%C3%A2rgovi%C8%99te,Romania
518,CS Mioveni,/wiki/CS_Mioveni,Romania
519,FC Dinamo București,/wiki/FC_Dinamo_Bucure%C8%99ti,Romania
520,FC Academica Clinceni,/wiki/FC_Academica_Clinceni,Romania
521,CS Gaz Metan Mediaș,/wiki/CS_Gaz_Metan_Media%C8%99,Romania
522,FC Zenit Saint Petersburg,/wiki/FC_Zenit_Saint_Petersburg,Russia
523,FC Spartak Moscow,/wiki/FC_Spartak_Moscow,Russia
524,FC Lokomotiv Moscow,/wiki/FC_Lokomotiv_Moscow,Russia
525,FC Rubin Kazan,/wiki/FC_Rubin_Kazan,Russia
526,PFC Sochi,/wiki/PFC_Sochi,Russia
527,PFC CSKA Moscow,/wiki/PFC_CSKA_Moscow,Russia
528,FC Dynamo Moscow,/wiki/FC_Dynamo_Moscow,Russia
529,FC Khimki,/wiki/FC_Khimki,Russia
530,FC Rostov,/wiki/FC_Rostov,Russia
531,FC Krasnodar,/wiki/FC_Krasnodar,Russia
532,FC Akhmat Grozny,/wiki/FC_Akhmat_Grozny,Russia
533,FC Ural Yekaterinburg,/wiki/FC_Ural_Yekaterinburg,Russia
534,FC Ufa,/wiki/FC_Ufa,Russia
535,FC Arsenal Tula,/wiki/FC_Arsenal_Tula,Russia
536,FC Rotor Volgograd,/wiki/FC_Rotor_Volgograd,Russia
537,FC Tambov,/wiki/FC_Tambov,Russia
538,Rangers F.C.,/wiki/Rangers_F.C.,Scotland
539,Celtic F.C.,/wiki/Celtic_F.C.,Scotland
540,Hibernian F.C.,/wiki/Hibernian_F.C.,Scotland
541,Aberdeen F.C.,/wiki/Aberdeen_F.C.,Scotland
542,St Johnstone F.C.,/wiki/St_Johnstone_F.C.,Scotland
543,Livingston F.C.,/wiki/Livingston_F.C.,Scotland
544,St Mirren F.C.,/wiki/St_Mirren_F.C.,Scotland
545,Motherwell F.C.,/wiki/Motherwell_F.C.,Scotland
546,Dundee United F.C.,/wiki/Dundee_United_F.C.,Scotland
547,Ross County F.C.,/wiki/Ross_County_F.C.,Scotland
548,Kilmarnock F.C.,/wiki/Kilmarnock_F.C.,Scotland
549,Hamilton Academical F.C.,/wiki/Hamilton_Academical_F.C.,Scotland
550,Red Star Belgrade,/wiki/Red_Star_Belgrade,Serbia
551,FK Partizan,/wiki/FK_Partizan,Serbia
552,FK Čukarički,/wiki/FK_%C4%8Cukari%C4%8Dki,Serbia
553,FK Vojvodina,/wiki/FK_Vojvodina,Serbia
554,FK TSC Bačka Topola,/wiki/FK_TSC_Ba%C4%8Dka_Topola,Serbia
555,FK Radnik Surdulica,/wiki/FK_Radnik_Surdulica,Serbia
556,FK Mladost Lučani,/wiki/FK_Mladost_Lu%C4%8Dani,Serbia
557,FK Proleter Novi Sad,/wiki/FK_Proleter_Novi_Sad,Serbia
558,FK Metalac Gornji Milanovac,/wiki/FK_Metalac_Gornji_Milanovac,Serbia
559,FK Spartak Subotica,/wiki/FK_Spartak_Subotica,Serbia
560,FK Napredak Kruševac,/wiki/FK_Napredak_Kru%C5%A1evac,Serbia
561,FK Novi Pazar,/wiki/FK_Novi_Pazar,Serbia
562,FK Radnički Niš,/wiki/FK_Radni%C4%8Dki_Ni%C5%A1,Serbia
563,FK Voždovac,/wiki/FK_Vo%C5%BEdovac,Serbia
564,FK Rad,/wiki/FK_Rad,Serbia
565,FK Javor Ivanjica,/wiki/FK_Javor_Ivanjica,Serbia
566,FK Inđija,/wiki/FK_In%C4%91ija,Serbia
567,FK Zlatibor Čajetina,/wiki/FK_Zlatibor_%C4%8Cajetina,Serbia
568,FK Mačva Šabac,/wiki/FK_Ma%C4%8Dva_%C5%A0abac,Serbia
569,OFK Bačka,/wiki/OFK_Ba%C4%8Dka,Serbia
570,NŠ Mura,/wiki/N%C5%A0_Mura,Slovenia
571,NK Maribor,/wiki/NK_Maribor,Slovenia
572,NK Olimpija Ljubljana,/wiki/NK_Olimpija_Ljubljana,Slovenia
573,NK Domžale,/wiki/NK_Dom%C5%BEale,Slovenia
574,NK Bravo,/wiki/NK_Bravo,Slovenia
575,NK Tabor Sežana,/wiki/NK_Tabor_Se%C5%BEana,Slovenia
576,NK Aluminij,/wiki/NK_Aluminij,Slovenia
577,NK Celje,/wiki/NK_Celje,Slovenia
578,FC Koper,/wiki/FC_Koper,Slovenia
579,ND Gorica,/wiki/ND_Gorica,Slovenia
580,Real Madrid CF,/wiki/Real_Madrid_CF,Spain
581,FC Barcelona,/wiki/FC_Barcelona,Spain
582,Atlético Madrid,/wiki/Atl%C3%A9tico_Madrid,Spain
583,Sevilla FC,/wiki/Sevilla_FC,Spain
584,Villarreal CF,/wiki/Villarreal_CF,Spain
585,Real Sociedad,/wiki/Real_Sociedad,Spain
586,Granada CF,/wiki/Granada_CF,Spain
587,Getafe CF,/wiki/Getafe_CF,Spain
588,Valencia CF,/wiki/Valencia_CF,Spain
589,CA Osasuna,/wiki/CA_Osasuna,Spain
590,Athletic Bilbao,/wiki/Athletic_Bilbao,Spain
591,Levante UD,/wiki/Levante_UD,Spain
592,Real Valladolid,/wiki/Real_Valladolid,Spain
593,SD Eibar,/wiki/SD_Eibar,Spain
594,Real Betis,/wiki/Real_Betis,Spain
595,Deportivo Alavés,/wiki/Deportivo_Alav%C3%A9s,Spain
596,RC Celta de Vigo,/wiki/RC_Celta_de_Vigo,Spain
597,CD Leganés,/wiki/CD_Legan%C3%A9s,Spain
598,RCD Mallorca,/wiki/RCD_Mallorca,Spain
599,RCD Espanyol,/wiki/RCD_Espanyol,Spain
600,Malmö FF,/wiki/Malm%C3%B6_FF,Sweden
601,AIK Fotboll,/wiki/AIK_Fotboll,Sweden
602,Djurgårdens IF Fotboll,/wiki/Djurg%C3%A5rdens_IF_Fotboll,Sweden
603,IF Elfsborg,/wiki/IF_Elfsborg,Sweden
604,Hammarby Fotboll,/wiki/Hammarby_Fotboll,Sweden
605,Kalmar FF,/wiki/Kalmar_FF,Sweden
606,IFK Norrköping,/wiki/IFK_Norrk%C3%B6ping,Sweden
607,IFK Göteborg,/wiki/IFK_G%C3%B6teborg,Sweden
608,Mjällby AIF,/wiki/Mj%C3%A4llby_AIF,Sweden
609,Varbergs BoIS,/wiki/Varbergs_BoIS,Sweden
610,IK Sirius Fotboll,/wiki/IK_Sirius_Fotboll,Sweden
611,BK Häcken,/wiki/BK_H%C3%A4cken,Sweden
612,Degerfors IF,/wiki/Degerfors_IF,Sweden
613,Halmstads BK,/wiki/Halmstads_BK,Sweden
614,Örebro SK,/wiki/%C3%96rebro_SK,Sweden
615,Östersunds FK,/wiki/%C3%96stersunds_FK,Sweden
616,BSC Young Boys,/wiki/BSC_Young_Boys,Switzerland
617,FC Basel,/wiki/FC_Basel,Switzerland
618,Servette FC,/wiki/Servette_FC,Switzerland
619,FC Lugano,/wiki/FC_Lugano,Switzerland
620,FC Luzern,/wiki/FC_Luzern,Switzerland
621,FC Lausanne-Sport,/wiki/FC_Lausanne-Sport,Switzerland
622,FC St. Gallen,/wiki/FC_St._Gallen,Switzerland
623,FC Zürich,/wiki/FC_Z%C3%BCrich,Switzerland
624,FC Sion,/wiki/FC_Sion,Switzerland
625,FC Vaduz,/wiki/FC_Vaduz,Switzerland
626,Beşiktaş J.K.,/wiki/Be%C5%9Fikta%C5%9F_J.K.,Turkey
627,Galatasaray S.K. (football),/wiki/Galatasaray_S.K._(football),Turkey
628,Fenerbahçe S.K. (football),/wiki/Fenerbah%C3%A7e_S.K._(football),Turkey
629,Trabzonspor,/wiki/Trabzonspor,Turkey
630,Sivasspor,/wiki/Sivasspor,Turkey
631,Hatayspor,/wiki/Hatayspor,Turkey
632,Alanyaspor,/wiki/Alanyaspor,Turkey
633,Fatih Karagümrük S.K.,/wiki/Fatih_Karag%C3%BCmr%C3%BCk_S.K.,Turkey
634,Gaziantep F.K.,/wiki/Gaziantep_F.K.,Turkey
635,Göztepe S.K.,/wiki/G%C3%B6ztepe_S.K.,Turkey
636,Konyaspor,/wiki/Konyaspor,Turkey
637,İstanbul Başakşehir F.K.,/wiki/%C4%B0stanbul_Ba%C5%9Fak%C5%9Fehir_F.K.,Turkey
638,Çaykur Rizespor,/wiki/%C3%87aykur_Rizespor,Turkey
639,Kasımpaşa S.K.,/wiki/Kas%C4%B1mpa%C5%9Fa_S.K.,Turkey
640,Yeni Malatyaspor,/wiki/Yeni_Malatyaspor,Turkey
641,Antalyaspor,/wiki/Antalyaspor,Turkey
642,Kayserispor,/wiki/Kayserispor,Turkey
643,Büyükşehir Belediye Erzurumspor,/wiki/B%C3%BCy%C3%BCk%C5%9Fehir_Belediye_Erzurumspor,Turkey
644,MKE Ankaragücü,/wiki/MKE_Ankarag%C3%BCc%C3%BC,Turkey
645,Gençlerbirliği S.K.,/wiki/Gen%C3%A7lerbirli%C4%9Fi_S.K.,Turkey
646,Denizlispor,/wiki/Denizlispor,Turkey
647,FC Dynamo Kyiv,/wiki/FC_Dynamo_Kyiv,Ukraine
648,FC Shakhtar Donetsk,/wiki/FC_Shakhtar_Donetsk,Ukraine
649,FC Zorya Luhansk,/wiki/FC_Zorya_Luhansk,Ukraine
650,FC Kolos Kovalivka,/wiki/FC_Kolos_Kovalivka,Ukraine
651,FC Vorskla Poltava,/wiki/FC_Vorskla_Poltava,Ukraine
652,FC Desna Chernihiv,/wiki/FC_Desna_Chernihiv,Ukraine
653,FC Lviv,/wiki/FC_Lviv,Ukraine
654,FC Oleksandriya,/wiki/FC_Oleksandriya,Ukraine
655,FC Rukh Lviv,/wiki/FC_Rukh_Lviv,Ukraine
656,FC Mariupol,/wiki/FC_Mariupol,Ukraine
657,FC Inhulets Petrove,/wiki/FC_Inhulets_Petrove,Ukraine
658,FC Olimpik Donetsk,/wiki/FC_Olimpik_Donetsk,Ukraine
659,FC Mynai,/wiki/FC_Mynai,Ukraine
660,The New Saints F.C.,/wiki/The_New_Saints_F.C.,Wales
661,Bala Town F.C.,/wiki/Bala_Town_F.C.,Wales
662,Newtown A.F.C.,/wiki/Newtown_A.F.C.,Wales
663,Caernarfon Town F.C.,/wiki/Caernarfon_Town_F.C.,Wales
664,Flint Town United F.C.,/wiki/Flint_Town_United_F.C.,Wales
665,Penybont F.C.,/wiki/Penybont_F.C.,Wales
666,Cardiff Metropolitan University F.C.,/wiki/Cardiff_Metropolitan_University_F.C.,Wales
667,Aberystwyth Town F.C.,/wiki/Aberystwyth_Town_F.C.,Wales
668,Connah's Quay Nomads F.C.,/wiki/Connah%27s_Quay_Nomads_F.C.,Wales
669,Haverfordwest County A.F.C.,/wiki/Haverfordwest_County_A.F.C.,Wales
670,Barry Town United F.C.,/wiki/Barry_Town_United_F.C.,Wales
671,Cefn Druids A.F.C.,/wiki/Cefn_Druids_A.F.C.,Wales
